config,val_f1_max,test_acc,test_f1_macro,test_loss
BERT lr=2e-5,0.9877742776754751,0.9910179640718563,0.9908639260764286,0.039431573113515264
BERT lr=5e-05,0.9906736492716209,0.9910179640718563,0.9911997323589526,0.03553030635451987
