{
  "modelo": "bert-base-uncased",
  "max_length": 256,
  "batch_size": 16,
  "epochs": 3,
  "learning_rate_principal": 2e-05,
  "learning_rate_comparacion": 5e-05,
  "weight_decay": 0.01,
  "warmup_ratio": 0.1,
  "seed": 42,
  "split": {
    "train": 1557,
    "val": 334,
    "test": 334
  },
  "num_labels": 5,
  "id2label": {
    "0": "business",
    "1": "entertainment",
    "2": "politics",
    "3": "sport",
    "4": "tech"
  },
  "metricas_test_principal": {
    "accuracy": 0.9910179640718563,
    "f1_macro": 0.9908639260764286,
    "loss": 0.03943151253319922
  },
  "metricas_test_lr_alto": {
    "accuracy": 0.9910179640718563,
    "f1_macro": 0.9908639260764286,
    "loss": 0.0457814614998088
  },
  "reporte_clasificacion": {
    "business": {
      "precision": 0.9868421052631579,
      "recall": 0.9868421052631579,
      "f1-score": 0.9868421052631579,
      "support": 76.0
    },
    "entertainment": {
      "precision": 1.0,
      "recall": 1.0,
      "f1-score": 1.0,
      "support": 58.0
    },
    "politics": {
      "precision": 1.0,
      "recall": 0.9682539682539683,
      "f1-score": 0.9838709677419355,
      "support": 63.0
    },
    "sport": {
      "precision": 1.0,
      "recall": 1.0,
      "f1-score": 1.0,
      "support": 77.0
    },
    "tech": {
      "precision": 0.967741935483871,
      "recall": 1.0,
      "f1-score": 0.9836065573770492,
      "support": 60.0
    },
    "accuracy": 0.9910179640718563,
    "macro avg": {
      "precision": 0.9909168081494059,
      "recall": 0.9910192147034251,
      "f1-score": 0.9908639260764286,
      "support": 334.0
    },
    "weighted avg": {
      "precision": 0.9912111261348271,
      "recall": 0.9910179640718563,
      "f1-score": 0.9910187557196554,
      "support": 334.0
    }
  },
  "historial_principal": {
    "train_loss": [
      0.8515759721702459,
      0.10105606769116557,
      0.03524433866105214
    ],
    "val_loss": [
      0.1585430864776884,
      0.06141822873836472,
      0.05023373503770147
    ],
    "train_acc": [
      0.7501605651894669,
      0.9820166987797045,
      0.993577392421323
    ],
    "val_acc": [
      0.9850299401197605,
      0.9850299401197605,
      0.9880239520958084
    ],
    "train_f1": [
      0.7460305712737537,
      0.9821732590912186,
      0.993627487988347
    ],
    "val_f1": [
      0.984959529107889,
      0.9848647979603304,
      0.9877742776754751
    ]
  },
  "historial_lr_alto": {
    "train_loss": [
      0.6436964156752338,
      0.07505596905224482,
      0.02396877697545427
    ],
    "val_loss": [
      0.05403854143584058,
      0.0382899921387434,
      0.029506866919941137
    ],
    "train_acc": [
      0.798330122029544,
      0.98330122029544,
      0.9961464354527938
    ],
    "val_acc": [
      0.9850299401197605,
      0.9910179640718563,
      0.9940119760479041
    ],
    "train_f1": [
      0.7989500097541554,
      0.9834789737854169,
      0.9961348847968893
    ],
    "val_f1": [
      0.9849331156160595,
      0.9906736492716209,
      0.9936445345954474
    ]
  },
  "mejor_clase": "entertainment",
  "peor_clase": "tech"
}