{
  "modelo": "bert-base-uncased",
  "max_length": 256,
  "batch_size": 16,
  "epochs": 3,
  "learning_rate_principal": 2e-05,
  "learning_rate_comparacion": 5e-05,
  "weight_decay": 0.01,
  "warmup_ratio": 0.1,
  "seed": 42,
  "split": {
    "train": 1557,
    "val": 334,
    "test": 334
  },
  "num_labels": 5,
  "id2label": {
    "0": "business",
    "1": "entertainment",
    "2": "politics",
    "3": "sport",
    "4": "tech"
  },
  "metricas_test_principal": {
    "accuracy": 0.9910179640718563,
    "f1_macro": 0.9908639260764286,
    "loss": 0.039431573113515264
  },
  "metricas_test_lr_alto": {
    "accuracy": 0.9910179640718563,
    "f1_macro": 0.9911997323589526,
    "loss": 0.03553030635451987
  },
  "reporte_clasificacion": {
    "business": {
      "precision": 0.9868421052631579,
      "recall": 0.9868421052631579,
      "f1-score": 0.9868421052631579,
      "support": 76.0
    },
    "entertainment": {
      "precision": 1.0,
      "recall": 1.0,
      "f1-score": 1.0,
      "support": 58.0
    },
    "politics": {
      "precision": 1.0,
      "recall": 0.9682539682539683,
      "f1-score": 0.9838709677419355,
      "support": 63.0
    },
    "sport": {
      "precision": 1.0,
      "recall": 1.0,
      "f1-score": 1.0,
      "support": 77.0
    },
    "tech": {
      "precision": 0.967741935483871,
      "recall": 1.0,
      "f1-score": 0.9836065573770492,
      "support": 60.0
    },
    "accuracy": 0.9910179640718563,
    "macro avg": {
      "precision": 0.9909168081494059,
      "recall": 0.9910192147034251,
      "f1-score": 0.9908639260764286,
      "support": 334.0
    },
    "weighted avg": {
      "precision": 0.9912111261348271,
      "recall": 0.9910179640718563,
      "f1-score": 0.9910187557196554,
      "support": 334.0
    }
  },
  "historial_principal": {
    "train_loss": [
      0.8515756338530657,
      0.10105600221348661,
      0.035244332645468564
    ],
    "val_loss": [
      0.15854293214423315,
      0.061418322225411735,
      0.05023369330558039
    ],
    "train_acc": [
      0.7501605651894669,
      0.9820166987797045,
      0.993577392421323
    ],
    "val_acc": [
      0.9850299401197605,
      0.9850299401197605,
      0.9880239520958084
    ],
    "train_f1": [
      0.7460305712737537,
      0.9821732590912186,
      0.993627487988347
    ],
    "val_f1": [
      0.984959529107889,
      0.9848647979603304,
      0.9877742776754751
    ]
  },
  "historial_lr_alto": {
    "train_loss": [
      0.6439628342584688,
      0.07251840647386044,
      0.0241165272844005
    ],
    "val_loss": [
      0.06313322480058386,
      0.03783406481324207,
      0.041703594815252085
    ],
    "train_acc": [
      0.798330122029544,
      0.9820166987797045,
      0.9948619139370585
    ],
    "val_acc": [
      0.9850299401197605,
      0.9910179640718563,
      0.9910179640718563
    ],
    "train_f1": [
      0.7986190420559425,
      0.9821167344764341,
      0.9948635681643123
    ],
    "val_f1": [
      0.9849331156160595,
      0.9906736492716209,
      0.9906736492716209
    ]
  },
  "mejor_clase": "entertainment",
  "peor_clase": "tech"
}